Chromosome	Start_Position	End_Position	nMuts	Avg_intermutation_dist	Size	Tumor_Sample_Barcode	C>G	C>T	C>A	T>A	T>C
14	105600013	105601608	7	265.833333333333	1595	TCGA-GS-A9TZ-01A-11D-A38X-10	1	6	NA	NA	NA
15	45521964	45522295	6	66.2	331	TCGA-GS-A9TZ-01A-11D-A38X-10	2	1	1	1	1
16	11254910	11255376	7	77.6666666666667	466	TCGA-GS-A9TZ-01A-11D-A38X-10	1	5	NA	NA	1
22	22901106	22906467	9	670.125	5361	TCGA-GS-A9TZ-01A-11D-A38X-10	NA	3	1	2	3
23	33128091	33128368	8	39.5714285714286	277	TCGA-GS-A9TZ-01A-11D-A38X-10	1	3	NA	NA	4
